"Timestamp","FileName","SourcePath","DestPath","SizeKB","ModifiedDate","Status","Detail","DryRun"
"2026-08-06T12:06:41","snd.nfo","/sites/VA/Shared Documents/Ray Rotherham/Rays Projects/Software/snd.nfo","/sites/Velocity5YearArchive/Shared Documents/Ray Rotherham/Rays Projects/Software/snd.nfo","16.9","1/01/1985 7:06:36 AM","ARCHIVED","","False"
"2026-08-06T12:06:41","haloibme.dev","/sites/VA/Shared Documents/Ray Rotherham/Rays Projects/Engineering/Software/Cview3/9070200401 (D)/cworks/Media/Graphics/DrHalo/haloibme.dev","/sites/Velocity5YearArchive/Shared Documents/Ray Rotherham/Rays Projects/Engineering/Software/Cview3/9070200401 (D)/cworks/Media/Graphics/DrHalo/haloibme.dev","13.1","5/05/1988 5:16:50 AM","ARCHIVED","","False"
"2026-08-06T12:06:41","haloibme.dev","/sites/VA/Shared Documents/Ray Rotherham/Rays Projects/Engineering/Software/CVIEW2/CVIEW_20 (D)/cworks/Media/Graphics/DrHalo/haloibme.dev","/sites/Velocity5YearArchive/Shared Documents/Ray Rotherham/Rays Projects/Engineering/Software/CVIEW2/CVIEW_20 (D)/cworks/Media/Graphics/DrHalo/haloibme.dev","13.1","5/05/1988 5:16:50 AM","ARCHIVED","","False"
"2026-08-06T12:06:42","haloibme.dev","/sites/VA/Shared Documents/Ray Rotherham/Rays Projects/Software/Cview3Sqlany/9070200501 (D)/cworks/Media/Graphics/DrHalo/haloibme.dev","/sites/Velocity5YearArchive/Shared Documents/Ray Rotherham/Rays Projects/Software/Cview3Sqlany/9070200501 (D)/cworks/Media/Graphics/DrHalo/haloibme.dev","13.1","5/05/1988 5:16:50 AM","ARCHIVED","","False"
"2026-08-06T12:06:42","haloibme.dev","/sites/VA/Shared Documents/Ray Rotherham/Rays Projects/Engineering/CVIEW2/CVIEW_20 (D)/cworks/Media/Graphics/DrHalo/haloibme.dev","/sites/Velocity5YearArchive/Shared Documents/Ray Rotherham/Rays Projects/Engineering/CVIEW2/CVIEW_20 (D)/cworks/Media/Graphics/DrHalo/haloibme.dev","13.1","5/05/1988 3:16:50 PM","ARCHIVED","","False"
"2026-08-06T12:06:42","iso3098b.shx","/sites/VA/Shared Documents/Ray Rotherham/Rays Projects/Gateway Building/Paragon/O&M/Drawings/Fonts/iso3098b.shx","/sites/Velocity5YearArchive/Shared Documents/Ray Rotherham/Rays Projects/Gateway Building/Paragon/O&M/Drawings/Fonts/iso3098b.shx","3.6","3/10/1988 6:28:00 AM","ARCHIVED","","False"
"2026-08-06T12:06:42","iso3098b.shx","/sites/VA/Shared Documents/Ray Rotherham/Rays Projects/One Dixon Street/Drawings/As Built/Roof Fans/iso3098b.shx","/sites/Velocity5YearArchive/Shared Documents/Ray Rotherham/Rays Projects/One Dixon Street/Drawings/As Built/Roof Fans/iso3098b.shx","3.6","3/10/1988 7:28:00 AM","ARCHIVED","","False"
"2026-08-06T12:06:43","iso3098b.shx","/sites/VA/Shared Documents/Ray Rotherham/Rays Projects/Edgecliff/O&M/Drawings/Electrical/Fonts/iso3098b.shx","/sites/Velocity5YearArchive/Shared Documents/Ray Rotherham/Rays Projects/Edgecliff/O&M/Drawings/Electrical/Fonts/iso3098b.shx","3.6","3/10/1988 7:28:00 AM","ARCHIVED","","False"
"2026-08-06T12:06:43","iso3098b.shx","/sites/VA/Shared Documents/Ray Rotherham/Rays Projects/One Dixon Street/Drawings/As Built/Level-2/iso3098b.shx","/sites/Velocity5YearArchive/Shared Documents/Ray Rotherham/Rays Projects/One Dixon Street/Drawings/As Built/Level-2/iso3098b.shx","3.6","3/10/1988 7:28:00 AM","ARCHIVED","","False"
"2026-08-06T12:06:43","iso3098b.shx","/sites/VA/Shared Documents/Ray Rotherham/Rays Projects/Gateway Building/Level 28 & 33/Drawings/Fonts/iso3098b.shx","/sites/Velocity5YearArchive/Shared Documents/Ray Rotherham/Rays Projects/Gateway Building/Level 28 & 33/Drawings/Fonts/iso3098b.shx","3.6","3/10/1988 7:28:00 AM","ARCHIVED","","False"
"2026-08-06T12:06:43","iso3098b.shx","/sites/VA/Shared Documents/Ray Rotherham/Rays Projects/One Dixon Street/Drawings/As Built/Level-5/iso3098b.shx","/sites/Velocity5YearArchive/Shared Documents/Ray Rotherham/Rays Projects/One Dixon Street/Drawings/As Built/Level-5/iso3098b.shx","3.6","3/10/1988 7:28:00 AM","ARCHIVED","","False"
"2026-08-06T12:06:44","iso3098b.shx","/sites/VA/Shared Documents/Ray Rotherham/Rays Projects/Edgecliff/Drawings/Electrical/Fonts/iso3098b.shx","/sites/Velocity5YearArchive/Shared Documents/Ray Rotherham/Rays Projects/Edgecliff/Drawings/Electrical/Fonts/iso3098b.shx","3.6","3/10/1988 7:28:00 AM","ARCHIVED","","False"
"2026-08-06T12:06:44","iso3098b.shx","/sites/VA/Shared Documents/Ray Rotherham/Rays Projects/One Dixon Street/Drawings/As Built/Level-3/iso3098b.shx","/sites/Velocity5YearArchive/Shared Documents/Ray Rotherham/Rays Projects/One Dixon Street/Drawings/As Built/Level-3/iso3098b.shx","3.6","3/10/1988 7:28:00 AM","ARCHIVED","","False"
"2026-08-06T12:06:44","iso3098b.shx","/sites/VA/Shared Documents/Ray Rotherham/Rays Projects/Edgecliff/Drawings/Plant/Fonts/iso3098b.shx","/sites/Velocity5YearArchive/Shared Documents/Ray Rotherham/Rays Projects/Edgecliff/Drawings/Plant/Fonts/iso3098b.shx","3.6","3/10/1988 7:28:00 AM","ARCHIVED","","False"
"2026-08-06T12:06:44","iso3098b.shx","/sites/VA/Shared Documents/Ray Rotherham/Rays Projects/One Dixon Street/Drawings/As Built/Level-1/iso3098b.shx","/sites/Velocity5YearArchive/Shared Documents/Ray Rotherham/Rays Projects/One Dixon Street/Drawings/As Built/Level-1/iso3098b.shx","3.6","3/10/1988 7:28:00 AM","ARCHIVED","","False"
"2026-08-06T12:06:44","iso3098b.shx","/sites/VA/Shared Documents/Ray Rotherham/Rays Projects/175 Liverpool St/AHU6/Drawings/Latest DWG/CADFiles/Fonts/iso3098b.shx","/sites/Velocity5YearArchive/Shared Documents/Ray Rotherham/Rays Projects/175 Liverpool St/AHU6/Drawings/Latest DWG/CADFiles/Fonts/iso3098b.shx","3.6","3/10/1988 7:28:16 AM","ARCHIVED","","False"
"2026-08-06T12:06:45","iso3098b.shx","/sites/VA/Shared Documents/Ray Rotherham/Rays Projects/IBEX/580 L24&25/Drawings/As Builts/As Builts1206/MS02b/Fonts/iso3098b.shx","/sites/Velocity5YearArchive/Shared Documents/Ray Rotherham/Rays Projects/IBEX/580 L24&25/Drawings/As Builts/As Builts1206/MS02b/Fonts/iso3098b.shx","3.6","3/10/1988 7:28:16 AM","ARCHIVED","","False"
"2026-08-06T12:06:45","iso3098b.shx","/sites/VA/Shared Documents/Ray Rotherham/Rays Projects/IBEX/580 L24&25/Drawings/As Builts/As Builts1206/MS01b/Fonts/iso3098b.shx","/sites/Velocity5YearArchive/Shared Documents/Ray Rotherham/Rays Projects/IBEX/580 L24&25/Drawings/As Builts/As Builts1206/MS01b/Fonts/iso3098b.shx","3.6","3/10/1988 7:28:16 AM","ARCHIVED","","False"
"2026-08-06T12:06:45","ISO3098B.SHX","/sites/VA/Shared Documents/Ray Rotherham/Rays Projects/175 Liverpool St/Level 22&23/Fitout/Drawings/Latest/Fonts/ISO3098B.SHX","/sites/Velocity5YearArchive/Shared Documents/Ray Rotherham/Rays Projects/175 Liverpool St/Level 22&23/Fitout/Drawings/Latest/Fonts/ISO3098B.SHX","3.6","3/10/1988 8:28:00 AM","ARCHIVED","","False"
"2026-08-06T12:06:45","iso3098b.shx","/sites/VA/Shared Documents/Ray Rotherham/Rays Projects/Gateway Building/Paragon/Drawings/Fonts/iso3098b.shx","/sites/Velocity5YearArchive/Shared Documents/Ray Rotherham/Rays Projects/Gateway Building/Paragon/Drawings/Fonts/iso3098b.shx","3.6","3/10/1988 5:28:16 PM","ARCHIVED","","False"
"2026-08-06T12:06:46","ISO3098B.shx","/sites/VA/Shared Documents/AA Projects Dept/08 Old documents/King/UNSW/Old Main - K15/Mining Eng UNSW-14684/Drawings and specs/As install - Mining ROMEO/Fonts/ISO3098B.shx","/sites/Velocity5YearArchive/Shared Documents/AA Projects Dept/08 Old documents/King/UNSW/Old Main - K15/Mining Eng UNSW-14684/Drawings and specs/As install - Mining ROMEO/Fonts/ISO3098B.shx","3.6","3/10/1988 5:28:16 PM","ARCHIVED","","False"
"2026-08-06T12:06:46","20.DWG","/sites/VA/Shared Documents/Ray Rotherham/Rays Projects/CAD Symbols/pipesym1/20.DWG","/sites/Velocity5YearArchive/Shared Documents/Ray Rotherham/Rays Projects/CAD Symbols/pipesym1/20.DWG","6","12/02/1989 5:58:14 PM","ARCHIVED","","False"
"2026-08-06T12:06:46","21.DWG","/sites/VA/Shared Documents/Ray Rotherham/Rays Projects/CAD Symbols/pipesym1/21.DWG","/sites/Velocity5YearArchive/Shared Documents/Ray Rotherham/Rays Projects/CAD Symbols/pipesym1/21.DWG","5.6","12/02/1989 5:58:38 PM","ARCHIVED","","False"
"2026-08-06T12:06:46","24.DWG","/sites/VA/Shared Documents/Ray Rotherham/Rays Projects/CAD Symbols/pipesym1/24.DWG","/sites/Velocity5YearArchive/Shared Documents/Ray Rotherham/Rays Projects/CAD Symbols/pipesym1/24.DWG","5.8","12/02/1989 6:01:08 PM","ARCHIVED","","False"
"2026-08-06T12:06:47","25.DWG","/sites/VA/Shared Documents/Ray Rotherham/Rays Projects/CAD Symbols/pipesym1/25.DWG","/sites/Velocity5YearArchive/Shared Documents/Ray Rotherham/Rays Projects/CAD Symbols/pipesym1/25.DWG","5.8","12/02/1989 6:01:22 PM","ARCHIVED","","False"
"2026-08-06T12:06:47","26.DWG","/sites/VA/Shared Documents/Ray Rotherham/Rays Projects/CAD Symbols/pipesym1/26.DWG","/sites/Velocity5YearArchive/Shared Documents/Ray Rotherham/Rays Projects/CAD Symbols/pipesym1/26.DWG","5.7","12/02/1989 6:01:42 PM","ARCHIVED","","False"
"2026-08-06T12:06:47","28.DWG","/sites/VA/Shared Documents/Ray Rotherham/Rays Projects/CAD Symbols/pipesym1/28.DWG","/sites/Velocity5YearArchive/Shared Documents/Ray Rotherham/Rays Projects/CAD Symbols/pipesym1/28.DWG","6.6","12/02/1989 6:02:24 PM","ARCHIVED","","False"
"2026-08-06T12:06:47","32.DWG","/sites/VA/Shared Documents/Ray Rotherham/Rays Projects/CAD Symbols/pipesym1/32.DWG","/sites/Velocity5YearArchive/Shared Documents/Ray Rotherham/Rays Projects/CAD Symbols/pipesym1/32.DWG","6.1","12/02/1989 6:04:02 PM","ARCHIVED","","False"
"2026-08-06T12:06:47","33.DWG","/sites/VA/Shared Documents/Ray Rotherham/Rays Projects/CAD Symbols/pipesym1/33.DWG","/sites/Velocity5YearArchive/Shared Documents/Ray Rotherham/Rays Projects/CAD Symbols/pipesym1/33.DWG","6.1","12/02/1989 6:04:16 PM","ARCHIVED","","False"
"2026-08-06T12:06:48","35.DWG","/sites/VA/Shared Documents/Ray Rotherham/Rays Projects/CAD Symbols/pipesym1/35.DWG","/sites/Velocity5YearArchive/Shared Documents/Ray Rotherham/Rays Projects/CAD Symbols/pipesym1/35.DWG","8.4","12/02/1989 6:04:52 PM","ARCHIVED","","False"
"2026-08-06T12:06:48","1A.DWG","/sites/VA/Shared Documents/Ray Rotherham/Rays Projects/CAD Symbols/pipesym1/1A.DWG","/sites/Velocity5YearArchive/Shared Documents/Ray Rotherham/Rays Projects/CAD Symbols/pipesym1/1A.DWG","5.9","12/02/1989 6:27:04 PM","ARCHIVED","","False"
"2026-08-06T12:06:48","30.DWG","/sites/VA/Shared Documents/Ray Rotherham/Rays Projects/CAD Symbols/pipesym1/30.DWG","/sites/Velocity5YearArchive/Shared Documents/Ray Rotherham/Rays Projects/CAD Symbols/pipesym1/30.DWG","4.6","2/10/1989 12:13:36 PM","ARCHIVED","","False"
"2026-08-06T12:06:48","10.DWG","/sites/VA/Shared Documents/Ray Rotherham/Rays Projects/CAD Symbols/pipesym1/10.DWG","/sites/Velocity5YearArchive/Shared Documents/Ray Rotherham/Rays Projects/CAD Symbols/pipesym1/10.DWG","2.9","29/11/1989 1:23:40 AM","ARCHIVED","","False"
"2026-08-06T12:06:49","11.DWG","/sites/VA/Shared Documents/Ray Rotherham/Rays Projects/CAD Symbols/pipesym1/11.DWG","/sites/Velocity5YearArchive/Shared Documents/Ray Rotherham/Rays Projects/CAD Symbols/pipesym1/11.DWG","2.2","29/11/1989 1:27:50 AM","ARCHIVED","","False"
"2026-08-06T12:06:49","12.DWG","/sites/VA/Shared Documents/Ray Rotherham/Rays Projects/CAD Symbols/pipesym1/12.DWG","/sites/Velocity5YearArchive/Shared Documents/Ray Rotherham/Rays Projects/CAD Symbols/pipesym1/12.DWG","2.9","29/11/1989 1:29:04 AM","ARCHIVED","","False"
"2026-08-06T12:06:49","13.DWG","/sites/VA/Shared Documents/Ray Rotherham/Rays Projects/CAD Symbols/pipesym1/13.DWG","/sites/Velocity5YearArchive/Shared Documents/Ray Rotherham/Rays Projects/CAD Symbols/pipesym1/13.DWG","2.8","29/11/1989 1:30:04 AM","ARCHIVED","","False"
"2026-08-06T12:06:49","14.DWG","/sites/VA/Shared Documents/Ray Rotherham/Rays Projects/CAD Symbols/pipesym1/14.DWG","/sites/Velocity5YearArchive/Shared Documents/Ray Rotherham/Rays Projects/CAD Symbols/pipesym1/14.DWG","2.2","29/11/1989 1:31:10 AM","ARCHIVED","","False"
"2026-08-06T12:06:49","15.DWG","/sites/VA/Shared Documents/Ray Rotherham/Rays Projects/CAD Symbols/pipesym1/15.DWG","/sites/Velocity5YearArchive/Shared Documents/Ray Rotherham/Rays Projects/CAD Symbols/pipesym1/15.DWG","2.2","29/11/1989 1:31:56 AM","ARCHIVED","","False"
"2026-08-06T12:06:50","16.DWG","/sites/VA/Shared Documents/Ray Rotherham/Rays Projects/CAD Symbols/pipesym1/16.DWG","/sites/Velocity5YearArchive/Shared Documents/Ray Rotherham/Rays Projects/CAD Symbols/pipesym1/16.DWG","2.2","29/11/1989 1:32:58 AM","ARCHIVED","","False"
"2026-08-06T12:06:50","17.DWG","/sites/VA/Shared Documents/Ray Rotherham/Rays Projects/CAD Symbols/pipesym1/17.DWG","/sites/Velocity5YearArchive/Shared Documents/Ray Rotherham/Rays Projects/CAD Symbols/pipesym1/17.DWG","2.2","29/11/1989 1:33:56 AM","ARCHIVED","","False"
"2026-08-06T12:06:50","18.DWG","/sites/VA/Shared Documents/Ray Rotherham/Rays Projects/CAD Symbols/pipesym1/18.DWG","/sites/Velocity5YearArchive/Shared Documents/Ray Rotherham/Rays Projects/CAD Symbols/pipesym1/18.DWG","2.5","29/11/1989 1:35:14 AM","ARCHIVED","","False"
"2026-08-06T12:06:50","19.DWG","/sites/VA/Shared Documents/Ray Rotherham/Rays Projects/CAD Symbols/pipesym1/19.DWG","/sites/Velocity5YearArchive/Shared Documents/Ray Rotherham/Rays Projects/CAD Symbols/pipesym1/19.DWG","2.3","29/11/1989 1:37:36 AM","ARCHIVED","","False"
"2026-08-06T12:06:51","22.DWG","/sites/VA/Shared Documents/Ray Rotherham/Rays Projects/CAD Symbols/pipesym1/22.DWG","/sites/Velocity5YearArchive/Shared Documents/Ray Rotherham/Rays Projects/CAD Symbols/pipesym1/22.DWG","2.9","29/11/1989 1:40:32 AM","ARCHIVED","","False"
"2026-08-06T12:06:51","23.DWG","/sites/VA/Shared Documents/Ray Rotherham/Rays Projects/CAD Symbols/pipesym1/23.DWG","/sites/Velocity5YearArchive/Shared Documents/Ray Rotherham/Rays Projects/CAD Symbols/pipesym1/23.DWG","2.4","29/11/1989 1:41:20 AM","ARCHIVED","","False"
"2026-08-06T12:06:51","27.DWG","/sites/VA/Shared Documents/Ray Rotherham/Rays Projects/CAD Symbols/pipesym1/27.DWG","/sites/Velocity5YearArchive/Shared Documents/Ray Rotherham/Rays Projects/CAD Symbols/pipesym1/27.DWG","2.2","29/11/1989 1:43:54 AM","ARCHIVED","","False"
"2026-08-06T12:06:52","29.DWG","/sites/VA/Shared Documents/Ray Rotherham/Rays Projects/CAD Symbols/pipesym1/29.DWG","/sites/Velocity5YearArchive/Shared Documents/Ray Rotherham/Rays Projects/CAD Symbols/pipesym1/29.DWG","2.5","29/11/1989 1:45:16 AM","ARCHIVED","","False"
"2026-08-06T12:06:52","2A.DWG","/sites/VA/Shared Documents/Ray Rotherham/Rays Projects/CAD Symbols/pipesym1/2A.DWG","/sites/Velocity5YearArchive/Shared Documents/Ray Rotherham/Rays Projects/CAD Symbols/pipesym1/2A.DWG","2","29/11/1989 1:46:14 AM","ARCHIVED","","False"
"2026-08-06T12:06:52","31.DWG","/sites/VA/Shared Documents/Ray Rotherham/Rays Projects/CAD Symbols/pipesym1/31.DWG","/sites/Velocity5YearArchive/Shared Documents/Ray Rotherham/Rays Projects/CAD Symbols/pipesym1/31.DWG","2.5","29/11/1989 1:48:10 AM","ARCHIVED","","False"
"2026-08-06T12:06:52","34.DWG","/sites/VA/Shared Documents/Ray Rotherham/Rays Projects/CAD Symbols/pipesym1/34.DWG","/sites/Velocity5YearArchive/Shared Documents/Ray Rotherham/Rays Projects/CAD Symbols/pipesym1/34.DWG","2.2","29/11/1989 1:50:04 AM","ARCHIVED","","False"
"2026-08-06T12:06:52","haloibmv.dev","/sites/VA/Shared Documents/Ray Rotherham/Rays Projects/Software/Cview3Sqlany/9070200501 (D)/cworks/Media/Graphics/DrHalo/haloibmv.dev","/sites/Velocity5YearArchive/Shared Documents/Ray Rotherham/Rays Projects/Software/Cview3Sqlany/9070200501 (D)/cworks/Media/Graphics/DrHalo/haloibmv.dev","12.3","14/03/1990 2:33:40 AM","ARCHIVED","","False"
"2026-08-06T12:06:53","haloibmv.dev","/sites/VA/Shared Documents/Ray Rotherham/Rays Projects/Engineering/Software/CVIEW2/CVIEW_20 (D)/cworks/Media/Graphics/DrHalo/haloibmv.dev","/sites/Velocity5YearArchive/Shared Documents/Ray Rotherham/Rays Projects/Engineering/Software/CVIEW2/CVIEW_20 (D)/cworks/Media/Graphics/DrHalo/haloibmv.dev","12.3","14/03/1990 2:33:40 AM","ARCHIVED","","False"
"2026-08-06T12:06:53","haloibmv.dev","/sites/VA/Shared Documents/Ray Rotherham/Rays Projects/Engineering/Software/Cview3/9070200401 (D)/cworks/Media/Graphics/DrHalo/haloibmv.dev","/sites/Velocity5YearArchive/Shared Documents/Ray Rotherham/Rays Projects/Engineering/Software/Cview3/9070200401 (D)/cworks/Media/Graphics/DrHalo/haloibmv.dev","12.3","14/03/1990 2:33:40 AM","ARCHIVED","","False"
"2026-08-06T12:06:53","haloibmv.dev","/sites/VA/Shared Documents/Ray Rotherham/Rays Projects/Engineering/CVIEW2/CVIEW_20 (D)/cworks/Media/Graphics/DrHalo/haloibmv.dev","/sites/Velocity5YearArchive/Shared Documents/Ray Rotherham/Rays Projects/Engineering/CVIEW2/CVIEW_20 (D)/cworks/Media/Graphics/DrHalo/haloibmv.dev","12.3","14/03/1990 12:33:40 PM","ARCHIVED","","False"
"2026-08-06T12:06:53","piccvt.exe","/sites/VA/Shared Documents/Ray Rotherham/Rays Projects/Engineering/Software/Cview3/9070200401 (D)/cworks/Media/Graphics/DrHalo/piccvt.exe","/sites/Velocity5YearArchive/Shared Documents/Ray Rotherham/Rays Projects/Engineering/Software/Cview3/9070200401 (D)/cworks/Media/Graphics/DrHalo/piccvt.exe","48.7","12/07/1991 2:00:02 AM","ARCHIVED","","False"
"2026-08-06T12:06:54","piccvt.exe","/sites/VA/Shared Documents/Ray Rotherham/Rays Projects/Engineering/Software/CVIEW2/CVIEW_20 (D)/cworks/Media/Graphics/DrHalo/piccvt.exe","/sites/Velocity5YearArchive/Shared Documents/Ray Rotherham/Rays Projects/Engineering/Software/CVIEW2/CVIEW_20 (D)/cworks/Media/Graphics/DrHalo/piccvt.exe","48.7","12/07/1991 2:00:02 AM","ARCHIVED","","False"
"2026-08-06T12:06:54","piccvt.exe","/sites/VA/Shared Documents/Ray Rotherham/Rays Projects/Software/Cview3Sqlany/9070200501 (D)/cworks/Media/Graphics/DrHalo/piccvt.exe","/sites/Velocity5YearArchive/Shared Documents/Ray Rotherham/Rays Projects/Software/Cview3Sqlany/9070200501 (D)/cworks/Media/Graphics/DrHalo/piccvt.exe","48.7","12/07/1991 2:00:02 AM","ARCHIVED","","False"
"2026-08-06T12:06:54","piccvt.exe","/sites/VA/Shared Documents/Ray Rotherham/Rays Projects/Engineering/CVIEW2/CVIEW_20 (D)/cworks/Media/Graphics/DrHalo/piccvt.exe","/sites/Velocity5YearArchive/Shared Documents/Ray Rotherham/Rays Projects/Engineering/CVIEW2/CVIEW_20 (D)/cworks/Media/Graphics/DrHalo/piccvt.exe","48.7","12/07/1991 12:00:02 PM","ARCHIVED","","False"
"2026-08-06T12:06:54","STONSANS.TTF","/sites/VA/Shared Documents/Ray Rotherham/Rays Projects/175 Liverpool St/AHU6/Drawings/Latest DWG/CADFiles/Fonts/STONSANS.TTF","/sites/Velocity5YearArchive/Shared Documents/Ray Rotherham/Rays Projects/175 Liverpool St/AHU6/Drawings/Latest DWG/CADFiles/Fonts/STONSANS.TTF","15.3","10/10/1992 8:42:20 PM","ARCHIVED","","False"
"2026-08-06T12:06:55","STONSANS.TTF","/sites/VA/Shared Documents/Ray Rotherham/Rays Projects/175 Liverpool St/Level 22&23/Fitout/Drawings/Latest/Fonts/STONSANS.TTF","/sites/Velocity5YearArchive/Shared Documents/Ray Rotherham/Rays Projects/175 Liverpool St/Level 22&23/Fitout/Drawings/Latest/Fonts/STONSANS.TTF","15.3","10/10/1992 9:42:00 PM","ARCHIVED","","False"
"2026-08-06T12:06:55","10A.DWG","/sites/VA/Shared Documents/Ray Rotherham/Rays Projects/CAD Symbols/pipesym1/10A.DWG","/sites/Velocity5YearArchive/Shared Documents/Ray Rotherham/Rays Projects/CAD Symbols/pipesym1/10A.DWG","7.6","2/02/1993 1:55:54 PM","ARCHIVED","","False"
"2026-08-06T12:06:55","MUSCROLL.DLL","/sites/VA/Shared Documents/Ray Rotherham/Rays Projects/Software/Disk2/MUSCROLL.DLL","/sites/Velocity5YearArchive/Shared Documents/Ray Rotherham/Rays Projects/Software/Disk2/MUSCROLL.DLL","11.5","7/02/1993 3:00:00 AM","ARCHIVED","","False"
"2026-08-06T12:06:56","tenant.ico","/sites/VA/Shared Documents/Ray Rotherham/Rays Projects/Engineering/Software/CVIEW2/CVIEW_20 (D)/cworks/Data/tenant.ico","/sites/Velocity5YearArchive/Shared Documents/Ray Rotherham/Rays Projects/Engineering/Software/CVIEW2/CVIEW_20 (D)/cworks/Data/tenant.ico","0.7","27/04/1993 1:00:00 PM","ARCHIVED","","False"
"2026-08-06T12:06:56","tenant.ico","/sites/VA/Shared Documents/Ray Rotherham/Rays Projects/Software/Cview3Sqlany/9070200501 (D)/cworks/Data/tenant.ico","/sites/Velocity5YearArchive/Shared Documents/Ray Rotherham/Rays Projects/Software/Cview3Sqlany/9070200501 (D)/cworks/Data/tenant.ico","0.7","27/04/1993 1:00:00 PM","ARCHIVED","","False"
"2026-08-06T12:06:56","tenant.ico","/sites/VA/Shared Documents/Ray Rotherham/Rays Projects/Engineering/Software/Cview3/9070200401 (D)/cworks/Data/tenant.ico","/sites/Velocity5YearArchive/Shared Documents/Ray Rotherham/Rays Projects/Engineering/Software/Cview3/9070200401 (D)/cworks/Data/tenant.ico","0.7","27/04/1993 1:00:00 PM","ARCHIVED","","False"
"2026-08-06T12:06:56","tenant.ico","/sites/VA/Shared Documents/Ray Rotherham/Rays Projects/Engineering/CVIEW2/CVIEW_20 (D)/cworks/Data/tenant.ico","/sites/Velocity5YearArchive/Shared Documents/Ray Rotherham/Rays Projects/Engineering/CVIEW2/CVIEW_20 (D)/cworks/Data/tenant.ico","0.7","27/04/1993 11:00:00 PM","ARCHIVED","","False"
"2026-08-06T12:06:57","fltr_1_1.bmp","/sites/VA/Shared Documents/Ray Rotherham/Rays Projects/Software/Cview3Sqlany/9070200501 (D)/cworks/Media/Frames/fltr_1_1.bmp","/sites/Velocity5YearArchive/Shared Documents/Ray Rotherham/Rays Projects/Software/Cview3Sqlany/9070200501 (D)/cworks/Media/Frames/fltr_1_1.bmp","1.5","4/08/1993 10:58:36 PM","ARCHIVED","","False"
"2026-08-06T12:06:57","fltr_1_1.bmp","/sites/VA/Shared Documents/Ray Rotherham/Rays Projects/Engineering/Software/CVIEW2/CVIEW_20 (D)/cworks/Media/Frames/fltr_1_1.bmp","/sites/Velocity5YearArchive/Shared Documents/Ray Rotherham/Rays Projects/Engineering/Software/CVIEW2/CVIEW_20 (D)/cworks/Media/Frames/fltr_1_1.bmp","1.5","4/08/1993 10:58:36 PM","ARCHIVED","","False"
"2026-08-06T12:06:57","fltr_1_1.bmp","/sites/VA/Shared Documents/Ray Rotherham/Rays Projects/Engineering/Software/Cview3/9070200401 (D)/cworks/Media/Frames/fltr_1_1.bmp","/sites/Velocity5YearArchive/Shared Documents/Ray Rotherham/Rays Projects/Engineering/Software/Cview3/9070200401 (D)/cworks/Media/Frames/fltr_1_1.bmp","1.5","4/08/1993 10:58:36 PM","ARCHIVED","","False"
"2026-08-06T12:06:58","fltr_1_0.bmp","/sites/VA/Shared Documents/Ray Rotherham/Rays Projects/Software/Cview3Sqlany/9070200501 (D)/cworks/Media/Frames/fltr_1_0.bmp","/sites/Velocity5YearArchive/Shared Documents/Ray Rotherham/Rays Projects/Software/Cview3Sqlany/9070200501 (D)/cworks/Media/Frames/fltr_1_0.bmp","1.5","4/08/1993 10:59:28 PM","ARCHIVED","","False"
"2026-08-06T12:06:58","fltr_1_0.bmp","/sites/VA/Shared Documents/Ray Rotherham/Rays Projects/Engineering/Software/CVIEW2/CVIEW_20 (D)/cworks/Media/Frames/fltr_1_0.bmp","/sites/Velocity5YearArchive/Shared Documents/Ray Rotherham/Rays Projects/Engineering/Software/CVIEW2/CVIEW_20 (D)/cworks/Media/Frames/fltr_1_0.bmp","1.5","4/08/1993 10:59:28 PM","ARCHIVED","","False"
"2026-08-06T12:06:58","fltr_1_0.bmp","/sites/VA/Shared Documents/Ray Rotherham/Rays Projects/Engineering/Software/Cview3/9070200401 (D)/cworks/Media/Frames/fltr_1_0.bmp","/sites/Velocity5YearArchive/Shared Documents/Ray Rotherham/Rays Projects/Engineering/Software/Cview3/9070200401 (D)/cworks/Media/Frames/fltr_1_0.bmp","1.5","4/08/1993 10:59:28 PM","ARCHIVED","","False"
"2026-08-06T12:06:58","fltr_1_2.bmp","/sites/VA/Shared Documents/Ray Rotherham/Rays Projects/Software/Cview3Sqlany/9070200501 (D)/cworks/Media/Frames/fltr_1_2.bmp","/sites/Velocity5YearArchive/Shared Documents/Ray Rotherham/Rays Projects/Software/Cview3Sqlany/9070200501 (D)/cworks/Media/Frames/fltr_1_2.bmp","1.5","4/08/1993 11:00:52 PM","ARCHIVED","","False"
"2026-08-06T12:06:59","fltr_1_2.bmp","/sites/VA/Shared Documents/Ray Rotherham/Rays Projects/Engineering/Software/CVIEW2/CVIEW_20 (D)/cworks/Media/Frames/fltr_1_2.bmp","/sites/Velocity5YearArchive/Shared Documents/Ray Rotherham/Rays Projects/Engineering/Software/CVIEW2/CVIEW_20 (D)/cworks/Media/Frames/fltr_1_2.bmp","1.5","4/08/1993 11:00:52 PM","ARCHIVED","","False"
"2026-08-06T12:06:59","fltr_1_2.bmp","/sites/VA/Shared Documents/Ray Rotherham/Rays Projects/Engineering/Software/Cview3/9070200401 (D)/cworks/Media/Frames/fltr_1_2.bmp","/sites/Velocity5YearArchive/Shared Documents/Ray Rotherham/Rays Projects/Engineering/Software/Cview3/9070200401 (D)/cworks/Media/Frames/fltr_1_2.bmp","1.5","4/08/1993 11:00:52 PM","ARCHIVED","","False"
"2026-08-06T12:07:00","fltr_1_3.bmp","/sites/VA/Shared Documents/Ray Rotherham/Rays Projects/Software/Cview3Sqlany/9070200501 (D)/cworks/Media/Frames/fltr_1_3.bmp","/sites/Velocity5YearArchive/Shared Documents/Ray Rotherham/Rays Projects/Software/Cview3Sqlany/9070200501 (D)/cworks/Media/Frames/fltr_1_3.bmp","1.5","4/08/1993 11:02:56 PM","ARCHIVED","","False"
"2026-08-06T12:07:00","fltr_1_3.bmp","/sites/VA/Shared Documents/Ray Rotherham/Rays Projects/Engineering/Software/Cview3/9070200401 (D)/cworks/Media/Frames/fltr_1_3.bmp","/sites/Velocity5YearArchive/Shared Documents/Ray Rotherham/Rays Projects/Engineering/Software/Cview3/9070200401 (D)/cworks/Media/Frames/fltr_1_3.bmp","1.5","4/08/1993 11:02:56 PM","ARCHIVED","","False"
"2026-08-06T12:07:00","fltr_1_3.bmp","/sites/VA/Shared Documents/Ray Rotherham/Rays Projects/Engineering/Software/CVIEW2/CVIEW_20 (D)/cworks/Media/Frames/fltr_1_3.bmp","/sites/Velocity5YearArchive/Shared Documents/Ray Rotherham/Rays Projects/Engineering/Software/CVIEW2/CVIEW_20 (D)/cworks/Media/Frames/fltr_1_3.bmp","1.5","4/08/1993 11:02:56 PM","ARCHIVED","","False"
"2026-08-06T12:07:01","fltr_1_4.bmp","/sites/VA/Shared Documents/Ray Rotherham/Rays Projects/Engineering/Software/Cview3/9070200401 (D)/cworks/Media/Frames/fltr_1_4.bmp","/sites/Velocity5YearArchive/Shared Documents/Ray Rotherham/Rays Projects/Engineering/Software/Cview3/9070200401 (D)/cworks/Media/Frames/fltr_1_4.bmp","1.5","4/08/1993 11:04:40 PM","ARCHIVED","","False"
"2026-08-06T12:07:01","fltr_1_4.bmp","/sites/VA/Shared Documents/Ray Rotherham/Rays Projects/Software/Cview3Sqlany/9070200501 (D)/cworks/Media/Frames/fltr_1_4.bmp","/sites/Velocity5YearArchive/Shared Documents/Ray Rotherham/Rays Projects/Software/Cview3Sqlany/9070200501 (D)/cworks/Media/Frames/fltr_1_4.bmp","1.5","4/08/1993 11:04:40 PM","ARCHIVED","","False"
"2026-08-06T12:07:02","fltr_1_4.bmp","/sites/VA/Shared Documents/Ray Rotherham/Rays Projects/Engineering/Software/CVIEW2/CVIEW_20 (D)/cworks/Media/Frames/fltr_1_4.bmp","/sites/Velocity5YearArchive/Shared Documents/Ray Rotherham/Rays Projects/Engineering/Software/CVIEW2/CVIEW_20 (D)/cworks/Media/Frames/fltr_1_4.bmp","1.5","4/08/1993 11:04:40 PM","ARCHIVED","","False"
"2026-08-06T12:07:02","fltr_1_5.bmp","/sites/VA/Shared Documents/Ray Rotherham/Rays Projects/Engineering/Software/Cview3/9070200401 (D)/cworks/Media/Frames/fltr_1_5.bmp","/sites/Velocity5YearArchive/Shared Documents/Ray Rotherham/Rays Projects/Engineering/Software/Cview3/9070200401 (D)/cworks/Media/Frames/fltr_1_5.bmp","1.5","4/08/1993 11:08:30 PM","ARCHIVED","","False"
"2026-08-06T12:07:02","fltr_1_5.bmp","/sites/VA/Shared Documents/Ray Rotherham/Rays Projects/Software/Cview3Sqlany/9070200501 (D)/cworks/Media/Frames/fltr_1_5.bmp","/sites/Velocity5YearArchive/Shared Documents/Ray Rotherham/Rays Projects/Software/Cview3Sqlany/9070200501 (D)/cworks/Media/Frames/fltr_1_5.bmp","1.5","4/08/1993 11:08:30 PM","ARCHIVED","","False"
"2026-08-06T12:07:02","fltr_1_5.bmp","/sites/VA/Shared Documents/Ray Rotherham/Rays Projects/Engineering/Software/CVIEW2/CVIEW_20 (D)/cworks/Media/Frames/fltr_1_5.bmp","/sites/Velocity5YearArchive/Shared Documents/Ray Rotherham/Rays Projects/Engineering/Software/CVIEW2/CVIEW_20 (D)/cworks/Media/Frames/fltr_1_5.bmp","1.5","4/08/1993 11:08:30 PM","ARCHIVED","","False"
"2026-08-06T12:07:03","fltr_1_6.bmp","/sites/VA/Shared Documents/Ray Rotherham/Rays Projects/Engineering/Software/Cview3/9070200401 (D)/cworks/Media/Frames/fltr_1_6.bmp","/sites/Velocity5YearArchive/Shared Documents/Ray Rotherham/Rays Projects/Engineering/Software/Cview3/9070200401 (D)/cworks/Media/Frames/fltr_1_6.bmp","1.5","4/08/1993 11:11:08 PM","ARCHIVED","","False"
"2026-08-06T12:07:03","fltr_1_6.bmp","/sites/VA/Shared Documents/Ray Rotherham/Rays Projects/Software/Cview3Sqlany/9070200501 (D)/cworks/Media/Frames/fltr_1_6.bmp","/sites/Velocity5YearArchive/Shared Documents/Ray Rotherham/Rays Projects/Software/Cview3Sqlany/9070200501 (D)/cworks/Media/Frames/fltr_1_6.bmp","1.5","4/08/1993 11:11:08 PM","ARCHIVED","","False"
"2026-08-06T12:07:04","fltr_1_6.bmp","/sites/VA/Shared Documents/Ray Rotherham/Rays Projects/Engineering/Software/CVIEW2/CVIEW_20 (D)/cworks/Media/Frames/fltr_1_6.bmp","/sites/Velocity5YearArchive/Shared Documents/Ray Rotherham/Rays Projects/Engineering/Software/CVIEW2/CVIEW_20 (D)/cworks/Media/Frames/fltr_1_6.bmp","1.5","4/08/1993 11:11:08 PM","ARCHIVED","","False"
"2026-08-06T12:07:04","fltr_1_7.bmp","/sites/VA/Shared Documents/Ray Rotherham/Rays Projects/Engineering/Software/CVIEW2/CVIEW_20 (D)/cworks/Media/Frames/fltr_1_7.bmp","/sites/Velocity5YearArchive/Shared Documents/Ray Rotherham/Rays Projects/Engineering/Software/CVIEW2/CVIEW_20 (D)/cworks/Media/Frames/fltr_1_7.bmp","1.5","4/08/1993 11:13:02 PM","ARCHIVED","","False"
"2026-08-06T12:07:04","fltr_1_7.bmp","/sites/VA/Shared Documents/Ray Rotherham/Rays Projects/Engineering/Software/Cview3/9070200401 (D)/cworks/Media/Frames/fltr_1_7.bmp","/sites/Velocity5YearArchive/Shared Documents/Ray Rotherham/Rays Projects/Engineering/Software/Cview3/9070200401 (D)/cworks/Media/Frames/fltr_1_7.bmp","1.5","4/08/1993 11:13:02 PM","ARCHIVED","","False"
"2026-08-06T12:07:04","fltr_1_7.bmp","/sites/VA/Shared Documents/Ray Rotherham/Rays Projects/Software/Cview3Sqlany/9070200501 (D)/cworks/Media/Frames/fltr_1_7.bmp","/sites/Velocity5YearArchive/Shared Documents/Ray Rotherham/Rays Projects/Software/Cview3Sqlany/9070200501 (D)/cworks/Media/Frames/fltr_1_7.bmp","1.5","4/08/1993 11:13:02 PM","ARCHIVED","","False"
"2026-08-06T12:07:04","fltr_0_0.bmp","/sites/VA/Shared Documents/Ray Rotherham/Rays Projects/Engineering/Software/Cview3/9070200401 (D)/cworks/Media/Frames/fltr_0_0.bmp","/sites/Velocity5YearArchive/Shared Documents/Ray Rotherham/Rays Projects/Engineering/Software/Cview3/9070200401 (D)/cworks/Media/Frames/fltr_0_0.bmp","1.5","4/08/1993 11:14:44 PM","ARCHIVED","","False"
"2026-08-06T12:07:05","fltr_0_0.bmp","/sites/VA/Shared Documents/Ray Rotherham/Rays Projects/Engineering/Software/CVIEW2/CVIEW_20 (D)/cworks/Media/Frames/fltr_0_0.bmp","/sites/Velocity5YearArchive/Shared Documents/Ray Rotherham/Rays Projects/Engineering/Software/CVIEW2/CVIEW_20 (D)/cworks/Media/Frames/fltr_0_0.bmp","1.5","4/08/1993 11:14:44 PM","ARCHIVED","","False"
"2026-08-06T12:07:05","fltr_0_0.bmp","/sites/VA/Shared Documents/Ray Rotherham/Rays Projects/Software/Cview3Sqlany/9070200501 (D)/cworks/Media/Frames/fltr_0_0.bmp","/sites/Velocity5YearArchive/Shared Documents/Ray Rotherham/Rays Projects/Software/Cview3Sqlany/9070200501 (D)/cworks/Media/Frames/fltr_0_0.bmp","1.5","4/08/1993 11:14:44 PM","ARCHIVED","","False"
"2026-08-06T12:07:05","fltr_0_1.bmp","/sites/VA/Shared Documents/Ray Rotherham/Rays Projects/Engineering/Software/Cview3/9070200401 (D)/cworks/Media/Frames/fltr_0_1.bmp","/sites/Velocity5YearArchive/Shared Documents/Ray Rotherham/Rays Projects/Engineering/Software/Cview3/9070200401 (D)/cworks/Media/Frames/fltr_0_1.bmp","1.5","4/08/1993 11:15:48 PM","ARCHIVED","","False"
"2026-08-06T12:07:06","fltr_0_1.bmp","/sites/VA/Shared Documents/Ray Rotherham/Rays Projects/Engineering/Software/CVIEW2/CVIEW_20 (D)/cworks/Media/Frames/fltr_0_1.bmp","/sites/Velocity5YearArchive/Shared Documents/Ray Rotherham/Rays Projects/Engineering/Software/CVIEW2/CVIEW_20 (D)/cworks/Media/Frames/fltr_0_1.bmp","1.5","4/08/1993 11:15:48 PM","ARCHIVED","","False"
"2026-08-06T12:07:06","fltr_0_1.bmp","/sites/VA/Shared Documents/Ray Rotherham/Rays Projects/Software/Cview3Sqlany/9070200501 (D)/cworks/Media/Frames/fltr_0_1.bmp","/sites/Velocity5YearArchive/Shared Documents/Ray Rotherham/Rays Projects/Software/Cview3Sqlany/9070200501 (D)/cworks/Media/Frames/fltr_0_1.bmp","1.5","4/08/1993 11:15:48 PM","ARCHIVED","","False"
"2026-08-06T12:07:06","fltr_0_2.bmp","/sites/VA/Shared Documents/Ray Rotherham/Rays Projects/Engineering/Software/Cview3/9070200401 (D)/cworks/Media/Frames/fltr_0_2.bmp","/sites/Velocity5YearArchive/Shared Documents/Ray Rotherham/Rays Projects/Engineering/Software/Cview3/9070200401 (D)/cworks/Media/Frames/fltr_0_2.bmp","1.5","4/08/1993 11:18:10 PM","ARCHIVED","","False"
"2026-08-06T12:07:06","fltr_0_2.bmp","/sites/VA/Shared Documents/Ray Rotherham/Rays Projects/Engineering/Software/CVIEW2/CVIEW_20 (D)/cworks/Media/Frames/fltr_0_2.bmp","/sites/Velocity5YearArchive/Shared Documents/Ray Rotherham/Rays Projects/Engineering/Software/CVIEW2/CVIEW_20 (D)/cworks/Media/Frames/fltr_0_2.bmp","1.5","4/08/1993 11:18:10 PM","ARCHIVED","","False"
"2026-08-06T12:07:06","fltr_0_2.bmp","/sites/VA/Shared Documents/Ray Rotherham/Rays Projects/Software/Cview3Sqlany/9070200501 (D)/cworks/Media/Frames/fltr_0_2.bmp","/sites/Velocity5YearArchive/Shared Documents/Ray Rotherham/Rays Projects/Software/Cview3Sqlany/9070200501 (D)/cworks/Media/Frames/fltr_0_2.bmp","1.5","4/08/1993 11:18:10 PM","ARCHIVED","","False"
"2026-08-06T12:07:07","fltr_0_3.bmp","/sites/VA/Shared Documents/Ray Rotherham/Rays Projects/Engineering/Software/Cview3/9070200401 (D)/cworks/Media/Frames/fltr_0_3.bmp","/sites/Velocity5YearArchive/Shared Documents/Ray Rotherham/Rays Projects/Engineering/Software/Cview3/9070200401 (D)/cworks/Media/Frames/fltr_0_3.bmp","1.5","4/08/1993 11:19:16 PM","ARCHIVED","","False"
"2026-08-06T12:07:07","fltr_0_3.bmp","/sites/VA/Shared Documents/Ray Rotherham/Rays Projects/Engineering/Software/CVIEW2/CVIEW_20 (D)/cworks/Media/Frames/fltr_0_3.bmp","/sites/Velocity5YearArchive/Shared Documents/Ray Rotherham/Rays Projects/Engineering/Software/CVIEW2/CVIEW_20 (D)/cworks/Media/Frames/fltr_0_3.bmp","1.5","4/08/1993 11:19:16 PM","ARCHIVED","","False"
